{
  "shuffle": true,
  "subset": null,
  "min_freq": 75,
  "lower": true,
  "stem": false,
  "analyzer": "char_wb",
  "ngram_max_range": 5,
  "alpha": 0.0001,
  "learning_rate": 0.12668393222303445,
  "power_t": 0.22168827173302186,
  "num_epochs": 100,
  "threshold": 0.6832949512195503
}
